slug,title,template,categoryLabel,subtitle
philippines-customer-service-team-guide,Philippines Customer Service Team Guide,T2,GUIDES & HOW-TO,Everything You Need to Know
philippines-ecommerce-order-exception-controls,Philippines Ecommerce Order Controls,T4,BUSINESS GROWTH,Scale Without Limits
philippines-outsourcing-workload-sizing-study,Workload Sizing for Philippines Outsourcing,T2,RESEARCH & DATA,Measure the Work First
philippines-remote-team-quality-scorecard,Remote Team Quality Scorecard,T4,RESEARCH & DATA,Make Quality Reviewable
philippines-outsourced-inbox-triage-controls,Outsourced Inbox Triage Controls,T2,RESEARCH & DATA,Route Risk Clearly
philippines-outsourced-document-control-research,Document Control for Offshore Operations,T4,RESEARCH & DATA,Keep Guidance Current
philippines-outsourced-reporting-reconciliation-method,Reporting Reconciliation Method,T2,RESEARCH & DATA,Check Before Decisions
philippines-ecommerce-order-aging-study,Ecommerce Order Aging Research,T4,RESEARCH & DATA,See Impact and Next Action
philippines-outsourced-crm-cleanup-sampling,CRM Cleanup Sampling Research,T2,RESEARCH & DATA,Sample the Evidence
philippines-outsourced-vendor-queue-controls,Vendor Queue Controls,T4,RESEARCH & DATA,Make Follow-up Measurable
philippines-outsourced-project-status-evidence,Project Status Evidence,T2,RESEARCH & DATA,Surface the Next Decision
philippines-outsourced-offboarding-controls,Offboarding Controls for Support Roles,T4,RESEARCH & DATA,Close Access Cleanly
